{"mean":{"confidence_interval":{"confidence_level":0.95,"lower_bound":5.937769547200494,"upper_bound":5.99872870907463},"point_estimate":5.9678079075399975,"standard_error":0.015564893900454875},"median":{"confidence_interval":{"confidence_level":0.95,"lower_bound":5.9137204289318195,"upper_bound":5.967115767172538},"point_estimate":5.948863461816217,"standard_error":0.015075786297036936},"median_abs_dev":{"confidence_interval":{"confidence_level":0.95,"lower_bound":0.08502813008375827,"upper_bound":0.15184928867907838},"point_estimate":0.11091021908406255,"standard_error":0.017622280458923528},"slope":{"confidence_interval":{"confidence_level":0.95,"lower_bound":5.950396309364549,"upper_bound":5.997966921190135},"point_estimate":5.973944350869397,"standard_error":0.012124560296102612},"std_dev":{"confidence_interval":{"confidence_level":0.95,"lower_bound":0.12640257389979775,"upper_bound":0.1822688669343825},"point_estimate":0.1557579969002777,"standard_error":0.014248345468317047}}